feature,importance
ACC,0.5716275449672911
ATA,0.5528293517955528
length,0.5142026618779656
AAT,0.4971747548969303
CTA,0.4831593402375018
CCC,0.4800312846127765
TTA,0.4457835358362297
GGC,0.4410955454381491
CCT,0.4363325992856668
CCG,0.4306488669621856
CAC,0.42756371148007705
TAT,0.4259221898712435
GGG,0.415012871804326
GCG,0.40628548022612226
TTC,0.39614610218303614
TAA,0.386471808753131
CCA,0.3856147344718946
CGG,0.3497145464836276
ATG,0.3437710265493026
CTT,0.34260847802288624
TAC,0.33641608004011175
CAA,0.32666608250898305
GAC,0.31847339977630834
ATC,0.31435269066900456
CAT,0.3119675412219526
GGA,0.3032310073433739
GTA,0.2968814923752295
GAT,0.2968132156277485
TCT,0.29079221726471643
ATT,0.2878536203617836
CGC,0.2824810967477703
GCT,0.27728834716709955
AGG,0.2761678862474636
GCC,0.27569409360673985
AAG,0.2741505532647501
TCA,0.2668753144188948
AGC,0.26642425036487805
GAG,0.2645714036759297
CTC,0.26072902691271344
ACA,0.2485938862816083
TTG,0.24792325908352045
TCC,0.24358369838465585
GCA,0.242044207134807
GTT,0.23230837881262142
GTC,0.22410832623008412
TCG,0.20897046395293037
AAC,0.20597312213929944
TAG,0.20270601627089258
ACT,0.20055795076800134
CAG,0.19238207990120115
TGA,0.1857337219366102
GTG,0.18249516564916937
CTG,0.17876034526872872
AGA,0.175473750399373
TGG,0.15746745848608695
TGT,0.15046145612706177
TGC,0.14514719257759526
GAA,0.1437095074202888
AAA,0.13487480362629745
CGT,0.1306299471950542
CGA,0.12872350875527752
AGT,0.1262578062285301
TTT,0.1259887789775419
gc_content,0.10746048817522845
GGT,0.09533143797586263
ACG,0.0832567028777203
