sequence_id,host_type,length,accession
NC_116874.1_fungi,fungi,9651,NC_116874.1
PP405626.1_fungi,fungi,47156,PP405626.1
BK065786.1_fungi,fungi,4762,BK065786.1
BK065785.1_fungi,fungi,4735,BK065785.1
BK065784.1_fungi,fungi,4794,BK065784.1
BK065783.1_fungi,fungi,4215,BK065783.1
BK065782.1_fungi,fungi,5035,BK065782.1
BK065781.1_fungi,fungi,4768,BK065781.1
BK065780.1_fungi,fungi,4435,BK065780.1
BK065779.1_fungi,fungi,4580,BK065779.1
BK065778.1_fungi,fungi,4918,BK065778.1
BK065777.1_fungi,fungi,4562,BK065777.1
BK065776.1_fungi,fungi,4392,BK065776.1
BK065775.1_fungi,fungi,4640,BK065775.1
BK065774.1_fungi,fungi,4684,BK065774.1
BK065773.1_fungi,fungi,4446,BK065773.1
BK065772.1_fungi,fungi,4634,BK065772.1
BK065771.1_fungi,fungi,4683,BK065771.1
BK065770.1_fungi,fungi,4918,BK065770.1
BK065769.1_fungi,fungi,4645,BK065769.1
BK065768.1_fungi,fungi,4308,BK065768.1
BK065767.1_fungi,fungi,4645,BK065767.1
BK065766.1_fungi,fungi,5006,BK065766.1
BK065765.1_fungi,fungi,5155,BK065765.1
BK065764.1_fungi,fungi,4853,BK065764.1
BK065763.1_fungi,fungi,4552,BK065763.1
BK065762.1_fungi,fungi,4763,BK065762.1
BK065761.1_fungi,fungi,3518,BK065761.1
BK065760.1_fungi,fungi,4962,BK065760.1
BK065759.1_fungi,fungi,4552,BK065759.1
BK065758.1_fungi,fungi,4447,BK065758.1
BK065757.1_fungi,fungi,5215,BK065757.1
BK065756.1_fungi,fungi,4687,BK065756.1
BK065755.1_fungi,fungi,4757,BK065755.1
BK065754.1_fungi,fungi,4188,BK065754.1
BK065753.1_fungi,fungi,4798,BK065753.1
BK065752.1_fungi,fungi,4675,BK065752.1
BK065751.1_fungi,fungi,4447,BK065751.1
BK065750.1_fungi,fungi,4532,BK065750.1
BK065749.1_fungi,fungi,4275,BK065749.1
BK065748.1_fungi,fungi,4627,BK065748.1
BK065747.1_fungi,fungi,4634,BK065747.1
BK065746.1_fungi,fungi,5037,BK065746.1
BK065745.1_fungi,fungi,4950,BK065745.1
BK065744.1_fungi,fungi,4551,BK065744.1
BK065743.1_fungi,fungi,4232,BK065743.1
BK065742.1_fungi,fungi,4603,BK065742.1
BK065741.1_fungi,fungi,4910,BK065741.1
BK065740.1_fungi,fungi,4727,BK065740.1
BK065739.1_fungi,fungi,4883,BK065739.1
BK065738.1_fungi,fungi,4188,BK065738.1
BK065737.1_fungi,fungi,4938,BK065737.1
BK065736.1_fungi,fungi,4682,BK065736.1
BK065735.1_fungi,fungi,4884,BK065735.1
BK065734.1_fungi,fungi,4939,BK065734.1
BK065733.1_fungi,fungi,4566,BK065733.1
BK065732.1_fungi,fungi,4820,BK065732.1
BK065731.1_fungi,fungi,4918,BK065731.1
BK065730.1_fungi,fungi,4355,BK065730.1
BK065729.1_fungi,fungi,4422,BK065729.1
BK065728.1_fungi,fungi,4508,BK065728.1
BK065727.1_fungi,fungi,4960,BK065727.1
BK065726.1_fungi,fungi,4786,BK065726.1
BK065725.1_fungi,fungi,4077,BK065725.1
BK065724.1_fungi,fungi,5133,BK065724.1
BK065723.1_fungi,fungi,4580,BK065723.1
BK065722.1_fungi,fungi,4752,BK065722.1
BK065721.1_fungi,fungi,4467,BK065721.1
BK065720.1_fungi,fungi,4633,BK065720.1
BK065719.1_fungi,fungi,4883,BK065719.1
BK065718.1_fungi,fungi,4664,BK065718.1
BK065717.1_fungi,fungi,4297,BK065717.1
BK065716.1_fungi,fungi,4608,BK065716.1
BK065715.1_fungi,fungi,4332,BK065715.1
BK065714.1_fungi,fungi,4683,BK065714.1
BK065713.1_fungi,fungi,4632,BK065713.1
BK065712.1_fungi,fungi,5024,BK065712.1
BK065711.1_fungi,fungi,4191,BK065711.1
BK065710.1_fungi,fungi,4637,BK065710.1
BK065709.1_fungi,fungi,5228,BK065709.1
BK065708.1_fungi,fungi,4356,BK065708.1
BK065707.1_fungi,fungi,4867,BK065707.1
BK065706.1_fungi,fungi,4635,BK065706.1
BK065705.1_fungi,fungi,4641,BK065705.1
BK065704.1_fungi,fungi,4202,BK065704.1
BK065703.1_fungi,fungi,4347,BK065703.1
BK065702.1_fungi,fungi,4647,BK065702.1
BK065701.1_fungi,fungi,4769,BK065701.1
BK065700.1_fungi,fungi,4684,BK065700.1
BK065699.1_fungi,fungi,4564,BK065699.1
BK065698.1_fungi,fungi,4506,BK065698.1
BK065697.1_fungi,fungi,4623,BK065697.1
BK065696.1_fungi,fungi,4249,BK065696.1
BK065695.1_fungi,fungi,4749,BK065695.1
BK065694.1_fungi,fungi,4663,BK065694.1
BK065693.1_fungi,fungi,4730,BK065693.1
BK065692.1_fungi,fungi,4773,BK065692.1
BK065691.1_fungi,fungi,4834,BK065691.1
BK065690.1_fungi,fungi,4688,BK065690.1
BK065689.1_fungi,fungi,4444,BK065689.1
BK065688.1_fungi,fungi,4867,BK065688.1
BK065687.1_fungi,fungi,5174,BK065687.1
BK065686.1_fungi,fungi,4689,BK065686.1
BK065685.1_fungi,fungi,4581,BK065685.1
BK065684.1_fungi,fungi,4631,BK065684.1
BK065683.1_fungi,fungi,4727,BK065683.1
BK065682.1_fungi,fungi,4296,BK065682.1
BK065681.1_fungi,fungi,4162,BK065681.1
BK065680.1_fungi,fungi,4867,BK065680.1
BK065679.1_fungi,fungi,3645,BK065679.1
BK065678.1_fungi,fungi,3646,BK065678.1
BK065677.1_fungi,fungi,4229,BK065677.1
BK065676.1_fungi,fungi,4100,BK065676.1
BK065675.1_fungi,fungi,4862,BK065675.1
BK065674.1_fungi,fungi,3461,BK065674.1
BK065673.1_fungi,fungi,4207,BK065673.1
BK065672.1_fungi,fungi,4832,BK065672.1
BK065671.1_fungi,fungi,4508,BK065671.1
BK065670.1_fungi,fungi,3506,BK065670.1
BK065669.1_fungi,fungi,5234,BK065669.1
BK065668.1_fungi,fungi,4310,BK065668.1
BK065667.1_fungi,fungi,4244,BK065667.1
BK065666.1_fungi,fungi,5047,BK065666.1
BK065665.1_fungi,fungi,4545,BK065665.1
BK065664.1_fungi,fungi,4865,BK065664.1
BK065663.1_fungi,fungi,4844,BK065663.1
BK065662.1_fungi,fungi,4359,BK065662.1
BK065661.1_fungi,fungi,4952,BK065661.1
BK065660.1_fungi,fungi,4602,BK065660.1
BK065659.1_fungi,fungi,4613,BK065659.1
BK065658.1_fungi,fungi,4980,BK065658.1
BK065657.1_fungi,fungi,4287,BK065657.1
BK065656.1_fungi,fungi,4921,BK065656.1
BK065655.1_fungi,fungi,4751,BK065655.1
BK065654.1_fungi,fungi,4669,BK065654.1
BK065653.1_fungi,fungi,4196,BK065653.1
BK065652.1_fungi,fungi,3934,BK065652.1
BK065651.1_fungi,fungi,4346,BK065651.1
BK065650.1_fungi,fungi,4702,BK065650.1
BK065649.1_fungi,fungi,4612,BK065649.1
BK065648.1_fungi,fungi,4628,BK065648.1
BK065647.1_fungi,fungi,4220,BK065647.1
BK065646.1_fungi,fungi,4688,BK065646.1
BK065645.1_fungi,fungi,4477,BK065645.1
BK065644.1_fungi,fungi,4438,BK065644.1
BK065643.1_fungi,fungi,4235,BK065643.1
BK065642.1_fungi,fungi,4409,BK065642.1
BK065641.1_fungi,fungi,4465,BK065641.1
BK065640.1_fungi,fungi,4791,BK065640.1
BK065639.1_fungi,fungi,4973,BK065639.1
PX673726.1_algae,algae,318546,PX673726.1
PI322060.1_algae,algae,1788,PI322060.1
PI322059.1_algae,algae,1788,PI322059.1
PI322053.1_algae,algae,1170,PI322053.1
PI322052.1_algae,algae,1166,PI322052.1
PI322002.1_algae,algae,1788,PI322002.1
PI322001.1_algae,algae,1788,PI322001.1
PI321984.1_algae,algae,1170,PI321984.1
PI321983.1_algae,algae,1166,PI321983.1
PI321976.1_algae,algae,1707,PI321976.1
PI321975.1_algae,algae,1707,PI321975.1
PI321929.1_algae,algae,1788,PI321929.1
PI321928.1_algae,algae,1788,PI321928.1
PI321910.1_algae,algae,1170,PI321910.1
PI321909.1_algae,algae,1166,PI321909.1
OL828819.1_algae,algae,24744,OL828819.1
PQ442268.1_algae,algae,191124,PQ442268.1
KX857749.1_algae,algae,327147,KX857749.1
JX997187.1_algae,algae,289373,JX997187.1
JX997186.1_algae,algae,320880,JX997186.1
JX997185.1_algae,algae,311647,JX997185.1
JX997184.1_algae,algae,313584,JX997184.1
JX997183.1_algae,algae,348463,JX997183.1
JX997182.1_algae,algae,344863,JX997182.1
JX997181.1_algae,algae,325996,JX997181.1
JX997180.1_algae,algae,323517,JX997180.1
JX997179.1_algae,algae,328315,JX997179.1
JX997178.1_algae,algae,298622,JX997178.1
JX997177.1_algae,algae,319583,JX997177.1
JX997176.1_algae,algae,326559,JX997176.1
JX997175.1_algae,algae,289449,JX997175.1
JX997174.1_algae,algae,327406,JX997174.1
JX997173.1_algae,algae,339391,JX997173.1
JX997172.1_algae,algae,339653,JX997172.1
JX997171.1_algae,algae,287769,JX997171.1
JX997170.1_algae,algae,345255,JX997170.1
JX997169.1_algae,algae,323497,JX997169.1
JX997168.1_algae,algae,315239,JX997168.1
JX997167.1_algae,algae,303810,JX997167.1
JX997166.1_algae,algae,305715,JX997166.1
JX997165.1_algae,algae,311223,JX997165.1
JX997164.1_algae,algae,330002,JX997164.1
JX997163.1_algae,algae,327107,JX997163.1
JX997162.1_algae,algae,309195,JX997162.1
JX997161.1_algae,algae,318742,JX997161.1
JX997160.1_algae,algae,319457,JX997160.1
JX997159.1_algae,algae,326592,JX997159.1
JX997158.1_algae,algae,293004,JX997158.1
JX997157.1_algae,algae,329890,JX997157.1
JX997156.1_algae,algae,306752,JX997156.1
JX997155.1_algae,algae,295545,JX997155.1
JX997154.1_algae,algae,327349,JX997154.1
JX997153.1_algae,algae,332309,JX997153.1
JF411744.1_algae,algae,330611,JF411744.1
DQ491003.2_algae,algae,344691,DQ491003.2
EF101928.1_algae,algae,288047,EF101928.1
DQ890022.1_algae,algae,321240,DQ890022.1
DQ491002.1_algae,algae,368683,DQ491002.1
DQ491001.1_algae,algae,314335,DQ491001.1
PQ067566.1_algae,algae,319121,PQ067566.1
PQ067565.1_algae,algae,318693,PQ067565.1
PQ067564.1_algae,algae,325620,PQ067564.1
PQ067563.1_algae,algae,329981,PQ067563.1
PQ067562.1_algae,algae,385464,PQ067562.1
PQ067561.1_algae,algae,336752,PQ067561.1
PQ067560.1_algae,algae,340975,PQ067560.1
PQ067559.1_algae,algae,359845,PQ067559.1
PQ067558.1_algae,algae,332400,PQ067558.1
PQ067557.1_algae,algae,341146,PQ067557.1
PQ067556.1_algae,algae,360575,PQ067556.1
PQ067555.1_algae,algae,348592,PQ067555.1
PQ067554.1_algae,algae,349588,PQ067554.1
PQ067553.1_algae,algae,306492,PQ067553.1
PQ067552.1_algae,algae,319042,PQ067552.1
PQ067551.1_algae,algae,323023,PQ067551.1
PQ067550.1_algae,algae,358506,PQ067550.1
PQ067549.1_algae,algae,368285,PQ067549.1
PQ067548.1_algae,algae,315805,PQ067548.1
PQ067547.1_algae,algae,329479,PQ067547.1
PQ067546.1_algae,algae,307647,PQ067546.1
PQ067545.1_algae,algae,283088,PQ067545.1
PQ067544.1_algae,algae,347903,PQ067544.1
PQ067543.1_algae,algae,303544,PQ067543.1
PP681914.1_algae,algae,314723,PP681914.1
PP681913.1_algae,algae,383466,PP681913.1
PP681912.1_algae,algae,365554,PP681912.1
PP681911.1_algae,algae,290838,PP681911.1
PP681910.1_algae,algae,310357,PP681910.1
PP681909.1_algae,algae,371253,PP681909.1
PP681908.1_algae,algae,323328,PP681908.1
PP681907.1_algae,algae,338249,PP681907.1
PP681906.1_algae,algae,317497,PP681906.1
PP681905.1_algae,algae,353969,PP681905.1
PP681904.1_algae,algae,385991,PP681904.1
PP681903.1_algae,algae,358607,PP681903.1
PP681902.1_algae,algae,374307,PP681902.1
PP681901.1_algae,algae,333679,PP681901.1
PP681900.1_algae,algae,391815,PP681900.1
PP681899.1_algae,algae,351825,PP681899.1
PP681898.1_algae,algae,409489,PP681898.1
PP681897.1_algae,algae,409110,PP681897.1
PP681896.1_algae,algae,370366,PP681896.1
PP681895.1_algae,algae,385571,PP681895.1
PP681894.1_algae,algae,386133,PP681894.1
PP681893.1_algae,algae,341837,PP681893.1
PP681892.1_algae,algae,327414,PP681892.1
PP681891.1_algae,algae,351222,PP681891.1
PP681890.1_algae,algae,354143,PP681890.1
PP681889.1_algae,algae,367782,PP681889.1
PP681888.1_algae,algae,332900,PP681888.1
PP681887.1_algae,algae,341205,PP681887.1
PP681886.1_algae,algae,355565,PP681886.1
PP681885.1_algae,algae,332967,PP681885.1
PP681884.1_algae,algae,321598,PP681884.1
PP681883.1_algae,algae,305751,PP681883.1
PP681882.1_algae,algae,328537,PP681882.1
PP681881.1_algae,algae,326843,PP681881.1
PP681880.1_algae,algae,323145,PP681880.1
PP681879.1_algae,algae,337272,PP681879.1
PP681878.1_algae,algae,301967,PP681878.1
PP681877.1_algae,algae,313306,PP681877.1
PP681876.1_algae,algae,339491,PP681876.1
PP681875.1_algae,algae,373376,PP681875.1
PP681874.1_algae,algae,379477,PP681874.1
PP681873.1_algae,algae,345564,PP681873.1
PP681872.1_algae,algae,376634,PP681872.1
PP681871.1_algae,algae,301364,PP681871.1
PP681870.1_algae,algae,327412,PP681870.1
PP681869.1_algae,algae,352746,PP681869.1
PP681868.1_algae,algae,312612,PP681868.1
PP681867.1_algae,algae,389101,PP681867.1
PP681866.1_algae,algae,355747,PP681866.1
PP681865.1_algae,algae,379575,PP681865.1
PP681864.1_algae,algae,351902,PP681864.1
PP681863.1_algae,algae,365757,PP681863.1
PP681862.1_algae,algae,364166,PP681862.1
PL121202.1_algae,algae,1788,PL121202.1
PL121201.1_algae,algae,1788,PL121201.1
PL121184.1_algae,algae,1170,PL121184.1
PL121183.1_algae,algae,1166,PL121183.1
PL121176.1_algae,algae,1707,PL121176.1
PL121175.1_algae,algae,1707,PL121175.1
PL121039.1_algae,algae,1788,PL121039.1
PL121038.1_algae,algae,1788,PL121038.1
PL121020.1_algae,algae,1170,PL121020.1
PL121019.1_algae,algae,1166,PL121019.1
PL120958.1_algae,algae,1788,PL120958.1
PL120957.1_algae,algae,1788,PL120957.1
PL120951.1_algae,algae,1170,PL120951.1
PL120950.1_algae,algae,1166,PL120950.1
MT293425.1_protozoa,protozoa,2092,MT293425.1
MT293413.1_protozoa,protozoa,2713,MT293413.1
KF757256.1_protozoa,protozoa,5193,KF757256.1
JF411744.1_protozoa,protozoa,330611,JF411744.1
PQ212523.1_protozoa,protozoa,6267,PQ212523.1
BK068258.1_protozoa,protozoa,683254,BK068258.1
OR885871.1_protozoa,protozoa,158142,OR885871.1
OR753423.1_protozoa,protozoa,5216,OR753423.1
OR753422.1_protozoa,protozoa,5205,OR753422.1
OR753421.1_protozoa,protozoa,5195,OR753421.1
OR192167.1_protozoa,protozoa,5213,OR192167.1
OR192166.1_protozoa,protozoa,5219,OR192166.1
NC_076894.1_protozoa,protozoa,2102,NC_076894.1
NC_076893.1_protozoa,protozoa,1938,NC_076893.1
NC_076892.1_protozoa,protozoa,2092,NC_076892.1
NC_076891.1_protozoa,protozoa,2093,NC_076891.1
NC_076890.1_protozoa,protozoa,1876,NC_076890.1
NC_076889.1_protozoa,protozoa,2931,NC_076889.1
NC_076888.1_protozoa,protozoa,1788,NC_076888.1
NC_076887.1_protozoa,protozoa,2713,NC_076887.1
NC_076886.1_protozoa,protozoa,1922,NC_076886.1
NC_036582.1_protozoa,protozoa,293123,NC_036582.1
NC_013288.1_protozoa,protozoa,191761,NC_013288.1
NC_007346.1_protozoa,protozoa,407339,NC_007346.1
NC_000852.5_protozoa,protozoa,330611,NC_000852.5
LC716008.1_protozoa,protozoa,6162,LC716008.1
MZ926706.1_protozoa,protozoa,5222,MZ926706.1
MZ926705.1_protozoa,protozoa,5222,MZ926705.1
MZ926704.1_protozoa,protozoa,5222,MZ926704.1
MZ926701.1_protozoa,protozoa,5222,MZ926701.1
MZ926700.1_protozoa,protozoa,5222,MZ926700.1
MZ466338.1_protozoa,protozoa,5215,MZ466338.1
MZ466337.1_protozoa,protozoa,5218,MZ466337.1
MZ593846.1_protozoa,protozoa,8185,MZ593846.1
MW978698.1_protozoa,protozoa,4820,MW978698.1
MW978697.1_protozoa,protozoa,4656,MW978697.1
MW659706.1_protozoa,protozoa,6276,MW659706.1
MW659707.1_protozoa,protozoa,6275,MW659707.1
MW659705.1_protozoa,protozoa,6275,MW659705.1
MW659704.1_protozoa,protozoa,6275,MW659704.1
MT293429.1_protozoa,protozoa,2102,MT293429.1
MT293428.1_protozoa,protozoa,2069,MT293428.1
MT293427.1_protozoa,protozoa,2030,MT293427.1
MT293426.1_protozoa,protozoa,1938,MT293426.1
MT293423.1_protozoa,protozoa,2095,MT293423.1
MT293422.1_protozoa,protozoa,2095,MT293422.1
MT293421.1_protozoa,protozoa,2093,MT293421.1
MT293420.1_protozoa,protozoa,1874,MT293420.1
MT293419.1_protozoa,protozoa,1879,MT293419.1
MT293418.1_protozoa,protozoa,1876,MT293418.1
MT293417.1_protozoa,protozoa,2939,MT293417.1
MT293416.1_protozoa,protozoa,2931,MT293416.1
MT293415.1_protozoa,protozoa,1788,MT293415.1
MT293414.1_protozoa,protozoa,1788,MT293414.1
MT293412.1_protozoa,protozoa,1919,MT293412.1
MT293411.1_protozoa,protozoa,1920,MT293411.1
MT293410.1_protozoa,protozoa,1922,MT293410.1
NC_004588.1_protozoa,protozoa,38206,NC_004588.1
MN418975.1_protozoa,protozoa,5222,MN418975.1
MN418974.1_protozoa,protozoa,5222,MN418974.1
NC_040632.1_protozoa,protozoa,4947,NC_040632.1
NC_038700.1_protozoa,protozoa,4944,NC_038700.1
NC_027701.1_protozoa,protozoa,4666,NC_027701.1
NC_007915.3_protozoa,protozoa,8226,NC_007915.3
NC_024115.1_protozoa,protozoa,5193,NC_024115.1
NC_004034.1_protozoa,protozoa,4844,NC_004034.1
NC_003873.1_protozoa,protozoa,4674,NC_003873.1
NC_003824.1_protozoa,protozoa,4647,NC_003824.1
NC_003601.1_protozoa,protozoa,5283,NC_003601.1
NC_003555.1_protozoa,protozoa,6277,NC_003555.1
NC_002064.1_protozoa,protozoa,5241,NC_002064.1
NC_002063.1_protozoa,protozoa,5284,NC_002063.1
MG256177.1_protozoa,protozoa,4947,MG256177.1
KX686068.1_protozoa,protozoa,5284,KX686068.1
KU724434.1_protozoa,protozoa,5286,KU724434.1
KU724433.1_protozoa,protozoa,5286,KU724433.1
MF678796.1_protozoa,protozoa,293123,MF678796.1
KX808487.1_protozoa,protozoa,5283,KX808487.1
KX808486.1_protozoa,protozoa,5286,KX808486.1
KX808485.1_protozoa,protozoa,5274,KX808485.1
KX808484.1_protozoa,protozoa,5259,KX808484.1
KX808483.1_protozoa,protozoa,5283,KX808483.1
KM268110.1_protozoa,protozoa,4825,KM268110.1
KM268109.1_protozoa,protozoa,4657,KM268109.1
KM268108.1_protozoa,protozoa,4666,KM268108.1
FN386611.1_protozoa,protozoa,191761,FN386611.1
AY570982.3_protozoa,protozoa,8226,AY570982.3
AE004092.2_protozoa,protozoa,1852433,AE004092.2
AE014074.1_protozoa,protozoa,1900521,AE014074.1
JN225873.1_protozoa,protozoa,189567,JN225873.1
JF436871.1_protozoa,protozoa,4686,JF436871.1
JF436870.1_protozoa,protozoa,4689,JF436870.1
JF436869.1_protozoa,protozoa,4657,JF436869.1
HQ607523.1_protozoa,protozoa,4680,HQ607523.1
HQ607521.1_protozoa,protozoa,4680,HQ607521.1
HQ607517.1_protozoa,protozoa,4684,HQ607517.1
HQ607516.1_protozoa,protozoa,4678,HQ607516.1
HQ607513.1_protozoa,protozoa,4684,HQ607513.1
HQ607524.1_protozoa,protozoa,4671,HQ607524.1
HQ607518.1_protozoa,protozoa,4674,HQ607518.1
HQ607514.1_protozoa,protozoa,4674,HQ607514.1
HQ607525.1_protozoa,protozoa,4842,HQ607525.1
HQ607519.1_protozoa,protozoa,4846,HQ607519.1
HQ607515.1_protozoa,protozoa,4845,HQ607515.1
HQ607526.1_protozoa,protozoa,4942,HQ607526.1
HQ607522.1_protozoa,protozoa,4943,HQ607522.1
HQ607520.1_protozoa,protozoa,4944,HQ607520.1
U32108.1_protozoa,protozoa,5241,U32108.1
DQ238861.1_protozoa,protozoa,6276,DQ238861.1
AF525216.1_protozoa,protozoa,6273,AF525216.1
NC_107953.1_bacteria,bacteria,49144,NC_107953.1
NC_107952.1_bacteria,bacteria,50039,NC_107952.1
NZ_CP045110.1_bacteria,bacteria,3981941,NZ_CP045110.1
PX963132.1_bacteria,bacteria,43287,PX963132.1
PX946834.1_bacteria,bacteria,40664,PX946834.1
NZ_CP011102.1_bacteria,bacteria,3406292,NZ_CP011102.1
NZ_CP010905.2_bacteria,bacteria,4274782,NZ_CP010905.2
PX943400.1_bacteria,bacteria,39847,PX943400.1
PX943399.1_bacteria,bacteria,38610,PX943399.1
PX943398.1_bacteria,bacteria,38678,PX943398.1
PX943397.1_bacteria,bacteria,38678,PX943397.1
PX943396.1_bacteria,bacteria,38536,PX943396.1
NC_105619.1_bacteria,bacteria,48980,NC_105619.1
NC_105618.1_bacteria,bacteria,50465,NC_105618.1
NC_105617.1_bacteria,bacteria,50709,NC_105617.1
NC_105788.1_bacteria,bacteria,49689,NC_105788.1
PX866606.1_bacteria,bacteria,52194,PX866606.1
PX646905.1_bacteria,bacteria,39556,PX646905.1
PX403247.1_bacteria,bacteria,29890,PX403247.1
NC_129615.1_bacteria,bacteria,151052,NC_129615.1
OQ829281.1_bacteria,bacteria,76397,OQ829281.1
PV763896.1_bacteria,bacteria,41435,PV763896.1
PV763895.1_bacteria,bacteria,41675,PV763895.1
PV763894.1_bacteria,bacteria,41630,PV763894.1
PV763893.1_bacteria,bacteria,41600,PV763893.1
PV763892.1_bacteria,bacteria,41078,PV763892.1
PV763891.1_bacteria,bacteria,41065,PV763891.1
PV745554.1_bacteria,bacteria,224634,PV745554.1
NZ_CP008698.1_bacteria,bacteria,4193640,NZ_CP008698.1
NZ_CP007800.1_bacteria,bacteria,4188369,NZ_CP007800.1
CP111182.1_bacteria,bacteria,8240007,CP111182.1
NZ_CP029707.1_bacteria,bacteria,7038012,NZ_CP029707.1
PV231355.1_bacteria,bacteria,223013,PV231355.1
PV231354.1_bacteria,bacteria,223270,PV231354.1
PV231353.1_bacteria,bacteria,208414,PV231353.1
PV231352.1_bacteria,bacteria,223180,PV231352.1
PV591327.1_bacteria,bacteria,74184,PV591327.1
PV608691.1_bacteria,bacteria,7459,PV608691.1
PV608690.1_bacteria,bacteria,7459,PV608690.1
PV608689.1_bacteria,bacteria,7459,PV608689.1
PV550092.1_bacteria,bacteria,7374,PV550092.1
PV550091.1_bacteria,bacteria,7457,PV550091.1
PQ805431.1_bacteria,bacteria,45374,PQ805431.1
PV400811.1_bacteria,bacteria,174351,PV400811.1
PV159336.1_bacteria,bacteria,148932,PV159336.1
PQ790662.1_bacteria,bacteria,66368,PQ790662.1
PP355976.1_bacteria,bacteria,45679,PP355976.1
PQ464596.1_bacteria,bacteria,53022,PQ464596.1
PQ464597.1_bacteria,bacteria,174859,PQ464597.1
PQ464595.1_bacteria,bacteria,366556,PQ464595.1
PQ464594.1_bacteria,bacteria,171558,PQ464594.1
PQ464593.1_bacteria,bacteria,45228,PQ464593.1
PQ464592.1_bacteria,bacteria,92884,PQ464592.1
PQ464591.1_bacteria,bacteria,171806,PQ464591.1
PQ464590.1_bacteria,bacteria,366158,PQ464590.1
NZ_CP139039.1_bacteria,bacteria,4785978,NZ_CP139039.1
NZ_CP019649.1_bacteria,bacteria,4999862,NZ_CP019649.1
PQ655446.1_bacteria,bacteria,54625,PQ655446.1
NZ_CP016318.1_bacteria,bacteria,4293048,NZ_CP016318.1
PQ466444.1_bacteria,bacteria,36601,PQ466444.1
MW057918.1_bacteria,bacteria,45053,MW057918.1
AB823818.1_bacteria,bacteria,38099,AB823818.1
NZ_CP110845.1_bacteria,bacteria,8926672,NZ_CP110845.1
PP952733.1_bacteria,bacteria,87639,PP952733.1
PP695294.1_bacteria,bacteria,243229,PP695294.1
PP711298.1_bacteria,bacteria,55098,PP711298.1
PP481222.1_bacteria,bacteria,89931,PP481222.1
PP526725.1_bacteria,bacteria,46095,PP526725.1
OR999052.1_bacteria,bacteria,4612,OR999052.1
OR999050.1_bacteria,bacteria,4553,OR999050.1
OR999040.1_bacteria,bacteria,4585,OR999040.1
OR999038.1_bacteria,bacteria,4615,OR999038.1
OR999036.1_bacteria,bacteria,4441,OR999036.1
PP453689.1_bacteria,bacteria,42132,PP453689.1
PP107912.1_bacteria,bacteria,42925,PP107912.1
PP230461.1_bacteria,bacteria,44894,PP230461.1
OR885871.1_bacteria,bacteria,158142,OR885871.1
CP139039.1_bacteria,bacteria,4785978,CP139039.1
OQ418408.1_bacteria,bacteria,62021,OQ418408.1
MZ611865.1_bacteria,bacteria,44514,MZ611865.1
ON493777.1_bacteria,bacteria,20926,ON493777.1
OR725122.1_bacteria,bacteria,156840,OR725122.1
ON453905.1_bacteria,bacteria,35440,ON453905.1
ON453904.1_bacteria,bacteria,42124,ON453904.1
ON453903.1_bacteria,bacteria,37125,ON453903.1
ON453902.1_bacteria,bacteria,37533,ON453902.1
ON453901.1_bacteria,bacteria,47242,ON453901.1
ON453900.1_bacteria,bacteria,57045,ON453900.1
ON453899.1_bacteria,bacteria,77323,ON453899.1
ON453898.1_bacteria,bacteria,46066,ON453898.1
ON453897.1_bacteria,bacteria,58097,ON453897.1
ON453896.1_bacteria,bacteria,31347,ON453896.1
ON453895.1_bacteria,bacteria,36894,ON453895.1
ON453893.1_bacteria,bacteria,39241,ON453893.1
OR053651.1_bacteria,bacteria,76506,OR053651.1
OR047306.1_bacteria,bacteria,7320,OR047306.1
NC_079183.1_bacteria,bacteria,53673,NC_079183.1
NC_012757.1_bacteria,bacteria,6842,NC_012757.1
NC_075037.1_bacteria,bacteria,1016844,NC_075037.1
OQ469322.1_bacteria,bacteria,31251,OQ469322.1
OK017908.1_bacteria,bacteria,31252,OK017908.1
OK017907.1_bacteria,bacteria,28151,OK017907.1
OQ578995.1_bacteria,bacteria,48173,OQ578995.1
OQ578994.1_bacteria,bacteria,46871,OQ578994.1
OQ578993.1_bacteria,bacteria,48241,OQ578993.1
NC_073748.1_bacteria,bacteria,6722,NC_073748.1
CP063417.1_bacteria,bacteria,55505,CP063417.1
NC_073480.1_bacteria,bacteria,18277,NC_073480.1
NC_073091.1_bacteria,bacteria,52629,NC_073091.1
OQ317942.1_bacteria,bacteria,52629,OQ317942.1
MW364975.1_bacteria,bacteria,44592,MW364975.1
MW364974.1_bacteria,bacteria,42498,MW364974.1
MW364973.1_bacteria,bacteria,43266,MW364973.1
MW364972.1_bacteria,bacteria,42460,MW364972.1
MW364971.1_bacteria,bacteria,42935,MW364971.1
NC_070967.1_bacteria,bacteria,206821,NC_070967.1
NC_070966.1_bacteria,bacteria,207623,NC_070966.1
NC_070885.1_bacteria,bacteria,154206,NC_070885.1
NC_070884.1_bacteria,bacteria,153811,NC_070884.1
NC_070883.1_bacteria,bacteria,152762,NC_070883.1
NC_070857.1_bacteria,bacteria,76359,NC_070857.1
NC_070854.1_bacteria,bacteria,78314,NC_070854.1
NC_070853.1_bacteria,bacteria,77869,NC_070853.1
NC_070852.1_bacteria,bacteria,77174,NC_070852.1
NC_070851.1_bacteria,bacteria,78126,NC_070851.1
OQ184949.1_bacteria,bacteria,4696,OQ184949.1
OP076120.1_bacteria,bacteria,45636,OP076120.1
OP076100.1_bacteria,bacteria,49373,OP076100.1
OP076032.1_bacteria,bacteria,26540,OP076032.1
OP075965.1_bacteria,bacteria,39477,OP075965.1
OP075949.1_bacteria,bacteria,21727,OP075949.1
OP075896.1_bacteria,bacteria,45704,OP075896.1
OP075890.1_bacteria,bacteria,48183,OP075890.1
OP075853.1_bacteria,bacteria,67217,OP075853.1
OP075810.1_bacteria,bacteria,37284,OP075810.1
OP075766.1_bacteria,bacteria,49923,OP075766.1
OP075639.1_bacteria,bacteria,42926,OP075639.1
OP075619.1_bacteria,bacteria,40015,OP075619.1
OP075608.1_bacteria,bacteria,45873,OP075608.1
OP075606.1_bacteria,bacteria,72789,OP075606.1
OP075414.1_bacteria,bacteria,40396,OP075414.1
OP075365.1_bacteria,bacteria,21010,OP075365.1
OP075283.1_bacteria,bacteria,58922,OP075283.1
OP075274.1_bacteria,bacteria,174278,OP075274.1
OP075271.1_bacteria,bacteria,39057,OP075271.1
OP075241.1_bacteria,bacteria,139271,OP075241.1
OP075131.1_bacteria,bacteria,42040,OP075131.1
OP075057.1_bacteria,bacteria,25599,OP075057.1
OP075049.1_bacteria,bacteria,48560,OP075049.1
OP074999.1_bacteria,bacteria,50731,OP074999.1
PZ016983.1_plant,plant,10074,PZ016983.1
PZ016976.1_plant,plant,9565,PZ016976.1
PZ016975.1_plant,plant,9565,PZ016975.1
PZ016974.1_plant,plant,9560,PZ016974.1
PZ016973.1_plant,plant,9558,PZ016973.1
PZ016972.1_plant,plant,9565,PZ016972.1
PX965615.1_plant,plant,9401,PX965615.1
PX935690.1_plant,plant,8527,PX935690.1
PX935689.1_plant,plant,8544,PX935689.1
PX935688.1_plant,plant,8526,PX935688.1
PX935687.1_plant,plant,8525,PX935687.1
PX896214.1_plant,plant,8484,PX896214.1
PX896213.1_plant,plant,8455,PX896213.1
PX896212.1_plant,plant,8426,PX896212.1
PX896210.1_plant,plant,8488,PX896210.1
PX896207.1_plant,plant,8489,PX896207.1
PX896206.1_plant,plant,8494,PX896206.1
PX905965.1_plant,plant,8489,PX905965.1
PX905964.1_plant,plant,8485,PX905964.1
PX905963.1_plant,plant,8460,PX905963.1
PX879950.1_plant,plant,8462,PX879950.1
PX879948.1_plant,plant,8488,PX879948.1
PX879947.1_plant,plant,8488,PX879947.1
PX412243.1_plant,plant,5606,PX412243.1
OR906323.1_plant,plant,8794,OR906323.1
PX761454.1_plant,plant,3441,PX761454.1
PX681986.1_plant,plant,9699,PX681986.1
PX681985.1_plant,plant,9696,PX681985.1
PX756901.1_plant,plant,2763,PX756901.1
PX752255.1_plant,plant,2781,PX752255.1
PX692073.1_plant,plant,5781,PX692073.1
PX226659.1_plant,plant,6334,PX226659.1
PX633046.1_plant,plant,2781,PX633046.1
PV978368.1_plant,plant,6380,PV978368.1
PV978367.1_plant,plant,6389,PV978367.1
PX922707.1_plant,plant,6393,PX922707.1
PX922706.1_plant,plant,6411,PX922706.1
PX922705.1_plant,plant,6436,PX922705.1
PX922704.1_plant,plant,6438,PX922704.1
PX922703.1_plant,plant,6468,PX922703.1
PX922702.1_plant,plant,6445,PX922702.1
PX922701.1_plant,plant,6446,PX922701.1
PX922700.1_plant,plant,8502,PX922700.1
PX872518.1_plant,plant,8488,PX872518.1
OZ369212.1_plant,plant,200215,OZ369212.1
PX635361.1_plant,plant,2760,PX635361.1
PX505951.1_plant,plant,9693,PX505951.1
PX505950.1_plant,plant,9673,PX505950.1
PX505949.1_plant,plant,6412,PX505949.1
PX505948.1_plant,plant,6410,PX505948.1
PX505947.1_plant,plant,8990,PX505947.1
PX505946.1_plant,plant,6388,PX505946.1
PX505945.1_plant,plant,6388,PX505945.1
PX593795.1_plant,plant,6384,PX593795.1
PX593794.1_plant,plant,6384,PX593794.1
PX593793.1_plant,plant,6384,PX593793.1
PX513837.1_plant,plant,2781,PX513837.1
PV974340.1_plant,plant,9577,PV974340.1
PV974339.1_plant,plant,9563,PV974339.1
PV974337.1_plant,plant,9604,PV974337.1
PV974336.1_plant,plant,9607,PV974336.1
PV974329.1_plant,plant,9550,PV974329.1
PV974328.1_plant,plant,9608,PV974328.1
PV974327.1_plant,plant,9570,PV974327.1
PV974323.1_plant,plant,9561,PV974323.1
PV974322.1_plant,plant,9558,PV974322.1
PV974319.1_plant,plant,4393,PV974319.1
PV974318.1_plant,plant,4393,PV974318.1
PV974316.1_plant,plant,4392,PV974316.1
PV974315.1_plant,plant,4397,PV974315.1
PV974314.1_plant,plant,4393,PV974314.1
PV974313.1_plant,plant,4393,PV974313.1
PV974312.1_plant,plant,4391,PV974312.1
PV974311.1_plant,plant,4390,PV974311.1
PV974310.1_plant,plant,4377,PV974310.1
PV974309.1_plant,plant,4395,PV974309.1
PV974308.1_plant,plant,4394,PV974308.1
PV974307.1_plant,plant,4397,PV974307.1
PV974306.1_plant,plant,5596,PV974306.1
PV974305.1_plant,plant,5613,PV974305.1
PV974304.1_plant,plant,5609,PV974304.1
PV974303.1_plant,plant,5600,PV974303.1
PV974302.1_plant,plant,5594,PV974302.1
PV974301.1_plant,plant,5599,PV974301.1
PV974300.1_plant,plant,5599,PV974300.1
PV974299.1_plant,plant,5606,PV974299.1
PV974298.1_plant,plant,5596,PV974298.1
PV974297.1_plant,plant,5601,PV974297.1
PV974296.1_plant,plant,5593,PV974296.1
PV974295.1_plant,plant,5593,PV974295.1
PV974294.1_plant,plant,5596,PV974294.1
PV974293.1_plant,plant,5599,PV974293.1
PV389049.1_plant,plant,6391,PV389049.1
PV389048.1_plant,plant,6368,PV389048.1
PV389047.1_plant,plant,6381,PV389047.1
PV389046.1_plant,plant,6384,PV389046.1
PV389045.1_plant,plant,6361,PV389045.1
PV389044.1_plant,plant,6367,PV389044.1
PV389043.1_plant,plant,6379,PV389043.1
PV389042.1_plant,plant,6363,PV389042.1
PV389041.1_plant,plant,6348,PV389041.1
PV389040.1_plant,plant,6369,PV389040.1
PV389039.1_plant,plant,6367,PV389039.1
PV389038.1_plant,plant,6365,PV389038.1
PV389037.1_plant,plant,6376,PV389037.1
PV389036.1_plant,plant,6367,PV389036.1
PV389035.1_plant,plant,6355,PV389035.1
PV389034.1_plant,plant,6350,PV389034.1
PV389033.1_plant,plant,6374,PV389033.1
PV389032.1_plant,plant,6367,PV389032.1
PV389031.1_plant,plant,6366,PV389031.1
PV389030.1_plant,plant,6362,PV389030.1
PV389029.1_plant,plant,6374,PV389029.1
PV389028.1_plant,plant,6357,PV389028.1
PV389027.1_plant,plant,6390,PV389027.1
PV389026.1_plant,plant,6362,PV389026.1
PV389025.1_plant,plant,6376,PV389025.1
PV389024.1_plant,plant,6365,PV389024.1
PV389023.1_plant,plant,6347,PV389023.1
PV389022.1_plant,plant,6354,PV389022.1
PV389021.1_plant,plant,6365,PV389021.1
PV389020.1_plant,plant,6367,PV389020.1
PV389019.1_plant,plant,6369,PV389019.1
PV389018.1_plant,plant,6378,PV389018.1
PV389017.1_plant,plant,6380,PV389017.1
PV389016.1_plant,plant,6379,PV389016.1
PV389015.1_plant,plant,6379,PV389015.1
PV389014.1_plant,plant,6366,PV389014.1
PV389013.1_plant,plant,6361,PV389013.1
PV389012.1_plant,plant,6379,PV389012.1
PV389011.1_plant,plant,6367,PV389011.1
PV389010.1_plant,plant,6366,PV389010.1
PV389009.1_plant,plant,6378,PV389009.1
PV389008.1_plant,plant,6382,PV389008.1
PV389007.1_plant,plant,6354,PV389007.1
PV389006.1_plant,plant,6354,PV389006.1
PV389005.1_plant,plant,6354,PV389005.1
PQ554520.1_plant,plant,2781,PQ554520.1
PQ554519.1_plant,plant,2781,PQ554519.1
PQ554518.1_plant,plant,2781,PQ554518.1
PQ628197.1_plant,plant,6375,PQ628197.1
PQ424984.1_plant,plant,2879,PQ424984.1
PQ279516.1_plant,plant,4448,PQ279516.1
PQ279515.1_plant,plant,4458,PQ279515.1
PX375450.1_plant,plant,2791,PX375450.1
PX317654.1_plant,plant,7037,PX317654.1
PX317653.1_plant,plant,5882,PX317653.1
PX317652.1_plant,plant,8500,PX317652.1
PX317651.1_plant,plant,8485,PX317651.1
PX317650.1_plant,plant,9856,PX317650.1
NC_103145.1_invertebrate,invertebrate,51775,NC_103145.1
NC_107953.1_invertebrate,invertebrate,49144,NC_107953.1
NC_107952.1_invertebrate,invertebrate,50039,NC_107952.1
PX926923.1_invertebrate,invertebrate,8451,PX926923.1
PX782584.1_invertebrate,invertebrate,10143,PX782584.1
PX394756.1_invertebrate,invertebrate,10153,PX394756.1
PX628457.1_invertebrate,invertebrate,1831,PX628457.1
PX651953.1_invertebrate,invertebrate,11922,PX651953.1
PX843246.1_invertebrate,invertebrate,45196,PX843246.1
PX843245.1_invertebrate,invertebrate,63274,PX843245.1
PX843244.1_invertebrate,invertebrate,40737,PX843244.1
PX843243.1_invertebrate,invertebrate,42816,PX843243.1
PX843242.1_invertebrate,invertebrate,42855,PX843242.1
PX843241.1_invertebrate,invertebrate,43225,PX843241.1
PX585033.1_invertebrate,invertebrate,8804,PX585033.1
PX572653.1_invertebrate,invertebrate,11795,PX572653.1
PV585565.1_invertebrate,invertebrate,2052,PV585565.1
PV585567.1_invertebrate,invertebrate,2255,PV585567.1
PV585561.1_invertebrate,invertebrate,6480,PV585561.1
PV585563.1_invertebrate,invertebrate,7471,PV585563.1
LC902872.1_invertebrate,invertebrate,10831,LC902872.1
PV347098.2_invertebrate,invertebrate,488459,PV347098.2
PV600894.1_invertebrate,invertebrate,11528,PV600894.1
PQ810643.1_invertebrate,invertebrate,5877,PQ810643.1
PQ810642.1_invertebrate,invertebrate,5877,PQ810642.1
PQ810641.1_invertebrate,invertebrate,5928,PQ810641.1
PQ810640.1_invertebrate,invertebrate,5927,PQ810640.1
PQ810638.1_invertebrate,invertebrate,5928,PQ810638.1
PQ810637.1_invertebrate,invertebrate,5923,PQ810637.1
PQ223729.1_invertebrate,invertebrate,11061,PQ223729.1
PQ433001.1_invertebrate,invertebrate,10710,PQ433001.1
PQ295854.1_invertebrate,invertebrate,12570,PQ295854.1
PQ295853.1_invertebrate,invertebrate,12565,PQ295853.1
PQ305976.1_invertebrate,invertebrate,11179,PQ305976.1
PX309090.1_invertebrate,invertebrate,10111,PX309090.1
PX309089.1_invertebrate,invertebrate,10140,PX309089.1
GQ342961.1_invertebrate,invertebrate,6780,GQ342961.1
PV899697.1_invertebrate,invertebrate,13130,PV899697.1
LC710656.1_invertebrate,invertebrate,11227,LC710656.1
OQ418663.1_invertebrate,invertebrate,10953,OQ418663.1
PQ572747.1_invertebrate,invertebrate,8461,PQ572747.1
PV656429.1_invertebrate,invertebrate,8859,PV656429.1
PV593706.1_invertebrate,invertebrate,12348,PV593706.1
PV563872.1_invertebrate,invertebrate,10837,PV563872.1
PV563871.1_invertebrate,invertebrate,10837,PV563871.1
PV563870.1_invertebrate,invertebrate,10837,PV563870.1
PV563869.1_invertebrate,invertebrate,10837,PV563869.1
LC867272.1_invertebrate,invertebrate,126727,LC867272.1
GQ410979.1_invertebrate,invertebrate,12676,GQ410979.1
GQ375258.1_invertebrate,invertebrate,12625,GQ375258.1
PV165523.1_invertebrate,invertebrate,10050,PV165523.1
PV165522.1_invertebrate,invertebrate,11000,PV165522.1
JF411744.1_invertebrate,invertebrate,330611,JF411744.1
PQ655446.1_invertebrate,invertebrate,54625,PQ655446.1
PP418870.1_invertebrate,invertebrate,10173,PP418870.1
OR820583.1_invertebrate,invertebrate,9258,OR820583.1
OR820580.1_invertebrate,invertebrate,12599,OR820580.1
OR820564.1_invertebrate,invertebrate,6379,OR820564.1
PQ673601.1_invertebrate,invertebrate,11790,PQ673601.1
PP437989.1_invertebrate,invertebrate,10090,PP437989.1
PP437988.1_invertebrate,invertebrate,10134,PP437988.1
PP437987.1_invertebrate,invertebrate,10111,PP437987.1
PP437986.1_invertebrate,invertebrate,10154,PP437986.1
PP437985.1_invertebrate,invertebrate,10118,PP437985.1
PP437984.1_invertebrate,invertebrate,10116,PP437984.1
PP437983.1_invertebrate,invertebrate,10120,PP437983.1
PP437982.1_invertebrate,invertebrate,10062,PP437982.1
PP437981.1_invertebrate,invertebrate,10096,PP437981.1
PP437980.1_invertebrate,invertebrate,10065,PP437980.1
PP437979.1_invertebrate,invertebrate,10112,PP437979.1
PP437978.1_invertebrate,invertebrate,10140,PP437978.1
PP437977.1_invertebrate,invertebrate,10100,PP437977.1
PP437976.1_invertebrate,invertebrate,10111,PP437976.1
PP437975.1_invertebrate,invertebrate,10111,PP437975.1
PP437974.1_invertebrate,invertebrate,10163,PP437974.1
PP437973.1_invertebrate,invertebrate,10085,PP437973.1
PP437972.1_invertebrate,invertebrate,10149,PP437972.1
PP437971.1_invertebrate,invertebrate,10110,PP437971.1
PP437970.1_invertebrate,invertebrate,10169,PP437970.1
PP437969.1_invertebrate,invertebrate,10156,PP437969.1
PP437968.1_invertebrate,invertebrate,10183,PP437968.1
PP437967.1_invertebrate,invertebrate,10166,PP437967.1
PP437966.1_invertebrate,invertebrate,10181,PP437966.1
PP437965.1_invertebrate,invertebrate,10169,PP437965.1
PP437964.1_invertebrate,invertebrate,10137,PP437964.1
PP437963.1_invertebrate,invertebrate,10086,PP437963.1
PP437962.1_invertebrate,invertebrate,10166,PP437962.1
PP437961.1_invertebrate,invertebrate,10111,PP437961.1
PP437960.1_invertebrate,invertebrate,10119,PP437960.1
PP437959.1_invertebrate,invertebrate,10118,PP437959.1
PP437958.1_invertebrate,invertebrate,10150,PP437958.1
PP437957.1_invertebrate,invertebrate,10112,PP437957.1
PP437956.1_invertebrate,invertebrate,10116,PP437956.1
PP437955.1_invertebrate,invertebrate,10115,PP437955.1
PP437954.1_invertebrate,invertebrate,10099,PP437954.1
PP437953.1_invertebrate,invertebrate,10119,PP437953.1
PP437952.1_invertebrate,invertebrate,10101,PP437952.1
PP437951.1_invertebrate,invertebrate,10086,PP437951.1
PP437950.1_invertebrate,invertebrate,10085,PP437950.1
PP437949.1_invertebrate,invertebrate,10137,PP437949.1
PP437948.1_invertebrate,invertebrate,10164,PP437948.1
PP437947.1_invertebrate,invertebrate,10150,PP437947.1
PP437946.1_invertebrate,invertebrate,10142,PP437946.1
PP437945.1_invertebrate,invertebrate,10137,PP437945.1
PP437944.1_invertebrate,invertebrate,10148,PP437944.1
PP437943.1_invertebrate,invertebrate,10112,PP437943.1
PP437941.1_invertebrate,invertebrate,10104,PP437941.1
PP437940.1_invertebrate,invertebrate,10094,PP437940.1
PP437939.1_invertebrate,invertebrate,10092,PP437939.1
PP437938.1_invertebrate,invertebrate,10140,PP437938.1
PP437937.1_invertebrate,invertebrate,10137,PP437937.1
PP437936.1_invertebrate,invertebrate,10137,PP437936.1
PP437935.1_invertebrate,invertebrate,10137,PP437935.1
PP437934.1_invertebrate,invertebrate,10088,PP437934.1
PP437933.1_invertebrate,invertebrate,10145,PP437933.1
PP437932.1_invertebrate,invertebrate,10139,PP437932.1
PP437931.1_invertebrate,invertebrate,10110,PP437931.1
PP437930.1_invertebrate,invertebrate,10137,PP437930.1
PP437929.1_invertebrate,invertebrate,10100,PP437929.1
PP437928.1_invertebrate,invertebrate,10118,PP437928.1
PP437927.1_invertebrate,invertebrate,10107,PP437927.1
PP437926.1_invertebrate,invertebrate,10111,PP437926.1
PP437925.1_invertebrate,invertebrate,10077,PP437925.1
PP437924.1_invertebrate,invertebrate,10112,PP437924.1
PP437923.1_invertebrate,invertebrate,10076,PP437923.1
PP437922.1_invertebrate,invertebrate,10158,PP437922.1
PP437921.1_invertebrate,invertebrate,10111,PP437921.1
PP437920.1_invertebrate,invertebrate,10143,PP437920.1
PP437919.1_invertebrate,invertebrate,10111,PP437919.1
PP437918.1_invertebrate,invertebrate,10137,PP437918.1
PP437917.1_invertebrate,invertebrate,10111,PP437917.1
PP437916.1_invertebrate,invertebrate,10111,PP437916.1
PP437915.1_invertebrate,invertebrate,10112,PP437915.1
PP437914.1_invertebrate,invertebrate,10119,PP437914.1
PP437913.1_invertebrate,invertebrate,10131,PP437913.1
PP437912.1_invertebrate,invertebrate,10111,PP437912.1
PP437911.1_invertebrate,invertebrate,10112,PP437911.1
PP437910.1_invertebrate,invertebrate,10131,PP437910.1
PP437909.1_invertebrate,invertebrate,10134,PP437909.1
PP437908.1_invertebrate,invertebrate,10110,PP437908.1
PP437907.1_invertebrate,invertebrate,10114,PP437907.1
PP437906.1_invertebrate,invertebrate,10118,PP437906.1
PP437905.1_invertebrate,invertebrate,10111,PP437905.1
PP437904.1_invertebrate,invertebrate,10128,PP437904.1
PP437903.1_invertebrate,invertebrate,10129,PP437903.1
PP437902.1_invertebrate,invertebrate,10148,PP437902.1
PP437901.1_invertebrate,invertebrate,10109,PP437901.1
PP437900.1_invertebrate,invertebrate,10116,PP437900.1
PP437899.1_invertebrate,invertebrate,10141,PP437899.1
PP437898.1_invertebrate,invertebrate,10119,PP437898.1
